<?xml version="1.0" encoding="utf-8"?><feed xmlns="http://www.w3.org/2005/Atom" ><generator uri="https://jekyllrb.com/" version="4.1.1">Jekyll</generator><link href="/feed.xml" rel="self" type="application/atom+xml" /><link href="/" rel="alternate" type="text/html" /><updated>2020-12-11T13:49:24-03:00</updated><id>/feed.xml</id><title type="html">Your awesome title</title><subtitle>Write an awesome description for your new site here. You can edit this line in _config.yml. It will appear in your document head meta (for Google search results) and in your feed.xml site description.</subtitle><entry><title type="html">Welcome to Jekyll!</title><link href="/jekyll/update/2020/12/11/welcome-to-jekyll.html" rel="alternate" type="text/html" title="Welcome to Jekyll!" /><published>2020-12-11T12:46:07-03:00</published><updated>2020-12-11T12:46:07-03:00</updated><id>/jekyll/update/2020/12/11/welcome-to-jekyll</id><content type="html" xml:base="/jekyll/update/2020/12/11/welcome-to-jekyll.html">&lt;p&gt;You’ll find this post in your &lt;code class=&quot;language-plaintext highlighter-rouge&quot;&gt;_posts&lt;/code&gt; directory. Go ahead and edit it and re-build the site to see your changes. You can rebuild the site in many different ways, but the most common way is to run &lt;code class=&quot;language-plaintext highlighter-rouge&quot;&gt;jekyll serve&lt;/code&gt;, which launches a web server and auto-regenerates your site when a file is updated.&lt;/p&gt;

&lt;p&gt;Jekyll requires blog post files to be named according to the following format:&lt;/p&gt;

&lt;p&gt;&lt;code class=&quot;language-plaintext highlighter-rouge&quot;&gt;YEAR-MONTH-DAY-title.MARKUP&lt;/code&gt;&lt;/p&gt;

&lt;p&gt;Where &lt;code class=&quot;language-plaintext highlighter-rouge&quot;&gt;YEAR&lt;/code&gt; is a four-digit number, &lt;code class=&quot;language-plaintext highlighter-rouge&quot;&gt;MONTH&lt;/code&gt; and &lt;code class=&quot;language-plaintext highlighter-rouge&quot;&gt;DAY&lt;/code&gt; are both two-digit numbers, and &lt;code class=&quot;language-plaintext highlighter-rouge&quot;&gt;MARKUP&lt;/code&gt; is the file extension representing the format used in the file. After that, include the necessary front matter. Take a look at the source for this post to get an idea about how it works.&lt;/p&gt;

&lt;p&gt;Jekyll also offers powerful support for code snippets:&lt;/p&gt;

&lt;figure class=&quot;highlight&quot;&gt;&lt;pre&gt;&lt;code class=&quot;language-ruby&quot; data-lang=&quot;ruby&quot;&gt;&lt;span class=&quot;k&quot;&gt;def&lt;/span&gt; &lt;span class=&quot;nf&quot;&gt;print_hi&lt;/span&gt;&lt;span class=&quot;p&quot;&gt;(&lt;/span&gt;&lt;span class=&quot;nb&quot;&gt;name&lt;/span&gt;&lt;span class=&quot;p&quot;&gt;)&lt;/span&gt;
  &lt;span class=&quot;nb&quot;&gt;puts&lt;/span&gt; &lt;span class=&quot;s2&quot;&gt;&quot;Hi, &lt;/span&gt;&lt;span class=&quot;si&quot;&gt;#{&lt;/span&gt;&lt;span class=&quot;nb&quot;&gt;name&lt;/span&gt;&lt;span class=&quot;si&quot;&gt;}&lt;/span&gt;&lt;span class=&quot;s2&quot;&gt;&quot;&lt;/span&gt;
&lt;span class=&quot;k&quot;&gt;end&lt;/span&gt;
&lt;span class=&quot;n&quot;&gt;print_hi&lt;/span&gt;&lt;span class=&quot;p&quot;&gt;(&lt;/span&gt;&lt;span class=&quot;s1&quot;&gt;'Tom'&lt;/span&gt;&lt;span class=&quot;p&quot;&gt;)&lt;/span&gt;
&lt;span class=&quot;c1&quot;&gt;#=&amp;gt; prints 'Hi, Tom' to STDOUT.&lt;/span&gt;&lt;/code&gt;&lt;/pre&gt;&lt;/figure&gt;

&lt;p&gt;Check out the &lt;a href=&quot;https://jekyllrb.com/docs/home&quot;&gt;Jekyll docs&lt;/a&gt; for more info on how to get the most out of Jekyll. File all bugs/feature requests at &lt;a href=&quot;https://github.com/jekyll/jekyll&quot;&gt;Jekyll’s GitHub repo&lt;/a&gt;. If you have questions, you can ask them on &lt;a href=&quot;https://talk.jekyllrb.com/&quot;&gt;Jekyll Talk&lt;/a&gt;.&lt;/p&gt;</content><author><name></name></author><category term="jekyll" /><category term="update" /><summary type="html">You’ll find this post in your _posts directory. Go ahead and edit it and re-build the site to see your changes. You can rebuild the site in many different ways, but the most common way is to run jekyll serve, which launches a web server and auto-regenerates your site when a file is updated.</summary></entry><entry><title type="html">Bananas</title><link href="/2020/12/11/bananas.html" rel="alternate" type="text/html" title="Bananas" /><published>2020-12-11T00:00:00-03:00</published><updated>2020-12-11T00:00:00-03:00</updated><id>/2020/12/11/bananas</id><content type="html" xml:base="/2020/12/11/bananas.html">&lt;p&gt;A banana is an edible fruit – botanically a berry – produced by several kinds
of large herbaceous flowering plants in the genus Musa.&lt;/p&gt;

&lt;p&gt;In some countries, bananas used for cooking may be called “plantains”,
distinguishing them from dessert bananas. The fruit is variable in size, color,
and firmness, but is usually elongated and curved, with soft flesh rich in
starch covered with a rind, which may be green, yellow, red, purple, or brown
when ripe.&lt;/p&gt;</content><author><name>andre</name></author><summary type="html">A banana is an edible fruit – botanically a berry – produced by several kinds of large herbaceous flowering plants in the genus Musa.</summary></entry><entry><title type="html">Kiwifruit</title><link href="/2018/08/22/kiwifruit.html" rel="alternate" type="text/html" title="Kiwifruit" /><published>2018-08-22T00:00:00-03:00</published><updated>2018-08-22T00:00:00-03:00</updated><id>/2018/08/22/kiwifruit</id><content type="html" xml:base="/2018/08/22/kiwifruit.html">&lt;p&gt;Kiwifruit (often abbreviated as kiwi), or Chinese gooseberry is the edible
berry of several species of woody vines in the genus Actinidia.&lt;/p&gt;

&lt;p&gt;The most common cultivar group of kiwifruit is oval, about the size of a large
hen’s egg (5–8 cm (2.0–3.1 in) in length and 4.5–5.5 cm (1.8–2.2 in) in
diameter). It has a fibrous, dull greenish-brown skin and bright green or
golden flesh with rows of tiny, black, edible seeds. The fruit has a soft
texture, with a sweet and unique flavor.&lt;/p&gt;</content><author><name>ted</name></author><summary type="html">Kiwifruit (often abbreviated as kiwi), or Chinese gooseberry is the edible berry of several species of woody vines in the genus Actinidia.</summary></entry><entry><title type="html">Apples</title><link href="/2018/08/21/apples.html" rel="alternate" type="text/html" title="Apples" /><published>2018-08-21T00:00:00-03:00</published><updated>2018-08-21T00:00:00-03:00</updated><id>/2018/08/21/apples</id><content type="html" xml:base="/2018/08/21/apples.html">&lt;p&gt;An apple is a sweet, edible fruit produced by an apple tree.&lt;/p&gt;

&lt;p&gt;Apple trees are cultivated worldwide, and are the most widely grown species in
the genus Malus. The tree originated in Central Asia, where its wild ancestor,
Malus sieversii, is still found today. Apples have been grown for thousands of
years in Asia and Europe, and were brought to North America by European
colonists.&lt;/p&gt;</content><author><name>jill</name></author><summary type="html">An apple is a sweet, edible fruit produced by an apple tree.</summary></entry></feed>